firstname,middleInitial,lastname,username,country,department,password,jobtitle,company,ou
Joshua,L,Lynch,JLynch,United States,Marketing,Roadfox2209,Marking Specialist,TestLab,"OU=Users,OU=St. Louis,OU=TestLab,DC=local"
Sam,A,smith,ssmith,United States,Marketing,Roadfox2208,Marking Specialist,TestLab,"OU=Users,OU=St. Louis,OU=TestLab,DC=local"
Joe,,Doe,jdoe,United States,,Roadfox2209,,TestLab,"OU=Users,OU=St. Louis,OU=TestLab,DC=local"
Kim,,Carter,kcarter,United States,,Roadfox2210,,TestLab,"OU=Users,OU=St. Louis,OU=TestLab,DC=local"
Amy,,Ney,aney,United States,,Roadfox2211,,TestLab,"OU=Users,OU=St. Louis,OU=TestLab,DC=local"
Jane,,Jorgen,jjorgen,United States,,Roadfox2212,,TestLab,"OU=Users,OU=St. Louis,OU=TestLab,DC=local"
Jack,,Black,jblack,United States,,Roadfox2213,,TestLab,"OU=Users,OU=St. Louis,OU=TestLab,DC=local"
Ian,,Malcolm,imalcolm,United States,,Roadfox2214,,TestLab,"OU=Users,OU=St. Louis,OU=TestLab,DC=local"
Alan,,Grant,agrant,United States,,Roadfox2215,,TestLab,"OU=Users,OU=St. Louis,OU=TestLab,DC=local"
Tony,,Tiger,ttiger,United States,,Roadfox2216,,TestLab,"OU=Users,OU=St. Louis,OU=TestLab,DC=local"
Thomas,,Train,ttrain,United States,,Roadfox2217,,TestLab,"OU=Users,OU=St. Louis,OU=TestLab,DC=local"
